sector,stage,team_size,initial_investment_tnd,price_per_unit_tnd,monthly_units_sold,monthly_revenue_tnd,monthly_costs_tnd,monthly_profit_tnd,profit_margin_percent,risk_level
Agriculture,Idea,1,167526,30.46,2625,79957.5,50774.73,29182.77,36.5,High
Tech,Idea,2,26831,52.12,116,6045.92,4505.12,1540.8,25.48,High
Retail,Idea,7,179088,100.27,1994,199938.38,176839.71,23098.67,11.55,High
Tech,Early,18,27387,210.12,153,32148.36,22195.62,9952.74,30.96,Low
Manufacturing,Growing,1,108066,100.27,896,89841.92,53857.76,35984.16,40.05,Low
Services,Idea,16,151231,189.08,158,29874.64,24417.1,5457.54,18.27,High
Services,Growing,11,148785,236.08,183,43202.64,30121.37,13081.27,30.28,Low
Agriculture,Early,5,136364,35.71,4854,173336.34,103580.15,69756.19,40.24,Low
Retail,Early,2,32171,73.39,2403,176356.17,143302.49,33053.68,18.74,Low
Services,Idea,13,125912,99.27,560,55591.2,38312.9,17278.3,31.08,High
Services,Idea,15,173298,190.94,203,38760.82,21228.14,17532.68,45.0,High
Tech,Early,11,166355,146.83,26,3817.58,7099.77,-3282.19,-80.0,High
Retail,Early,11,59388,106.45,3363,357991.35,290299.2,67692.15,18.91,Low
Agriculture,Early,19,74670,24.71,2149,53101.79,41159.38,11942.41,22.49,Low
Retail,Early,9,45793,64.72,1140,73780.8,58854.77,14926.03,20.23,Low
Manufacturing,Idea,8,162638,135.43,388,52546.84,41424.91,11121.93,21.17,High
Agriculture,Growing,14,87563,33.55,6809,228441.95,168484.72,59957.23,26.25,Low
Retail,Growing,1,173168,78.5,6039,474061.5,353338.98,120722.52,25.47,Low
Manufacturing,Growing,15,115094,49.85,2379,118593.15,98546.52,20046.63,16.9,Low
Agriculture,Growing,2,13771,23.78,1065,25325.7,19120.71,6204.99,24.5,Low
Services,Early,4,127696,246.0,878,215988.0,136137.28,79850.72,36.97,Low
Manufacturing,Growing,7,40370,169.87,776,131819.12,111039.2,20779.92,15.76,Low
Retail,Idea,1,64415,87.17,4350,379189.5,297061.1,82128.4,21.66,High
Services,Early,19,8561,213.84,709,151612.56,86880.38,64732.18,42.7,Low
Manufacturing,Idea,11,64419,9.38,902,8460.76,12765.54,-4304.78,-50.88,High
Agriculture,Early,5,26048,6.51,6437,41904.87,27289.24,14615.63,34.88,Low
Services,Growing,13,34146,58.02,768,44559.36,22657.68,21901.68,45.0,Low
Tech,Early,5,142677,94.07,223,20977.61,10036.36,10941.25,45.0,Low
Services,Growing,8,73037,99.37,252,25041.24,20363.32,4677.92,18.68,Low
Services,Early,5,21838,145.8,657,95790.6,44964.69,50825.91,45.0,Low
Agriculture,Early,2,151615,31.05,1590,49369.5,35502.52,13866.98,28.09,Low
Services,Idea,19,120160,177.91,434,77212.94,42410.13,34802.81,45.0,High
Retail,Idea,8,14384,14.99,2235,33502.65,32912.18,590.47,1.76,High
Services,Early,13,122773,129.31,731,94525.61,58031.39,36494.22,38.61,Low
Retail,Growing,9,81488,40.66,3781,153735.46,116517.0,37218.46,24.21,Low
Tech,Idea,16,106457,177.54,104,18464.16,16359.25,2104.91,11.4,High
Tech,Early,13,79789,78.85,35,2759.75,7141.8,-4382.05,-80.0,High
Retail,Growing,13,146822,70.02,1347,94316.94,86147.59,8169.35,8.66,Medium
Services,Early,14,68413,227.09,264,59951.76,34058.22,25893.54,43.19,Low
Retail,Growing,12,177077,49.98,3057,152788.86,123484.26,29304.6,19.18,Low
Retail,Growing,4,150871,111.8,5162,577111.6,530494.07,46617.53,8.08,Medium
Retail,Early,7,8123,14.83,4995,74075.85,58506.07,15569.78,21.02,Low
Services,Early,1,147123,154.34,37,5710.58,4828.74,881.84,15.44,Low
Retail,Idea,14,134895,19.11,910,17390.1,19081.02,-1690.92,-9.72,High
Retail,Early,1,94794,83.46,4512,376571.52,269971.05,106600.47,28.31,Low
Tech,Early,10,10170,173.9,42,7303.8,8307.58,-1003.78,-13.74,High
Retail,Idea,11,76105,42.48,3435,145918.8,130947.48,14971.32,10.26,High
Manufacturing,Idea,10,134029,113.36,1236,140112.96,96949.19,43163.77,30.81,High
Agriculture,Idea,11,120385,14.5,4884,70818.0,58166.23,12651.77,17.87,High
Tech,Idea,18,92342,75.29,73,5496.17,11467.83,-5971.66,-80.0,High
Retail,Idea,13,110217,73.38,559,41019.42,38357.94,2661.48,6.49,High
Retail,Growing,14,14420,111.6,5815,648954.0,521985.38,126968.62,19.57,Low
Services,Early,14,71733,198.23,367,72750.41,45936.91,26813.5,36.86,Low
Services,Early,14,142993,45.79,456,20880.24,17535.98,3344.26,16.02,Low
Retail,Early,18,155280,101.53,781,79294.93,68977.73,10317.2,13.01,Low
Agriculture,Early,5,128856,7.07,4993,35300.51,21954.03,13346.48,37.81,Low
Agriculture,Early,10,78635,3.28,598,1961.44,5523.25,-3561.81,-80.0,High
Tech,Early,6,38437,80.6,295,23777.0,12782.83,10994.17,45.0,Low
Services,Idea,6,32746,137.75,246,33886.5,23552.9,10333.6,30.49,High
Services,Early,14,151584,100.88,681,68699.28,35848.88,32850.4,45.0,Low
Manufacturing,Early,1,126013,101.93,811,82665.23,51757.83,30907.4,37.39,Low
Services,Growing,14,125728,184.85,100,18485.0,15642.49,2842.51,15.38,Low
Agriculture,Idea,9,30698,22.94,4752,109010.88,77262.34,31748.54,29.12,High
Retail,Early,4,79209,34.18,332,11347.76,10967.39,380.37,3.35,Medium
Services,Early,18,91362,249.68,688,171779.84,117633.03,54146.81,31.52,Low
Retail,Idea,11,17893,17.68,3370,59581.6,51524.32,8057.28,13.52,High
Manufacturing,Early,10,143824,171.21,1146,196206.66,131992.4,64214.26,32.73,Low
Manufacturing,Growing,7,170091,172.64,2238,386368.32,313130.98,73237.34,18.96,Low
Tech,Idea,15,111278,161.2,55,8866.0,10563.65,-1697.65,-19.15,High
Services,Early,8,109578,31.0,672,20832.0,12960.07,7871.93,37.79,Low
Tech,Idea,8,152535,94.96,186,17662.56,10816.12,6846.44,38.76,High
Agriculture,Early,11,34061,32.39,230,7449.7,7556.71,-107.01,-1.44,High
Retail,Growing,18,112317,71.05,4922,349708.1,311348.23,38359.87,10.97,Medium
Services,Early,18,24341,80.22,739,59282.58,44229.7,15052.88,25.39,Low
Tech,Idea,17,84407,194.34,24,4664.16,8379.79,-3715.63,-79.66,High
Services,Early,13,19653,224.76,722,162276.72,80786.38,81490.34,45.0,Low
Agriculture,Early,2,40401,32.35,5659,183068.65,138375.32,44693.33,24.41,Low
Retail,Growing,14,94865,100.64,1870,188196.8,157116.86,31079.94,16.51,Low
Retail,Early,8,77727,88.1,4464,393278.4,321307.52,71970.88,18.3,Low
Retail,Early,1,4076,88.72,2252,199797.44,137945.86,61851.58,30.96,Low
Agriculture,Growing,14,54704,8.34,3219,26846.46,24826.62,2019.84,7.52,Medium
Retail,Idea,2,157893,8.0,4054,32432.0,28171.68,4260.32,13.14,High
Retail,Growing,13,19015,83.53,178,14868.34,15885.14,-1016.8,-6.84,High
Tech,Early,2,94196,362.29,169,61227.01,20686.94,40540.07,45.0,Low
Tech,Early,17,40303,289.33,207,59891.31,21962.25,37929.06,45.0,Low
Services,Early,10,50258,191.13,928,177368.64,95040.44,82328.2,45.0,Low
Services,Idea,13,121784,160.12,525,84063.0,36770.24,47292.76,45.0,High
Tech,Idea,17,59518,357.19,107,38219.33,25223.46,12995.87,34.0,High
Manufacturing,Idea,4,60576,91.81,1602,147079.62,104482.41,42597.21,28.96,High
Services,Early,13,95539,27.91,457,12754.87,11998.88,755.99,5.93,Medium
Tech,Idea,8,32768,114.65,88,10089.2,10426.18,-336.98,-3.34,High
Manufacturing,Early,15,56621,178.5,1351,241153.5,156670.46,84483.04,35.03,Low
Agriculture,Idea,16,54656,14.61,3166,46255.26,39893.71,6361.55,13.75,High
Tech,Early,8,74275,165.31,23,3802.13,6587.96,-2785.83,-73.27,High
Retail,Idea,8,159900,111.16,2617,290905.72,223085.3,67820.42,23.31,High
Services,Early,2,149635,175.6,731,128363.6,77195.65,51167.95,39.86,Low
Tech,Growing,14,41642,360.44,314,113178.16,31642.01,81536.15,45.0,Low
Tech,Early,1,35674,190.96,61,11648.56,8865.04,2783.52,23.9,Low
Agriculture,Early,6,144415,10.51,2638,27725.38,22617.73,5107.65,18.42,Low
Services,Early,8,151473,88.38,160,14140.8,12469.15,1671.65,11.82,Medium
Agriculture,Early,9,102572,38.64,2377,91847.28,67871.31,23975.97,26.1,Low
Retail,Idea,17,71752,103.88,985,102321.8,92625.29,9696.51,9.48,High
Tech,Early,12,99425,221.98,95,21088.1,15008.05,6080.05,28.83,Low
Retail,Growing,9,168269,41.63,6010,250196.3,175194.18,75002.12,29.98,Low
Services,Growing,11,92749,94.81,467,44276.27,33402.47,10873.8,24.56,Low
Tech,Early,15,7209,354.51,20,7090.2,10560.6,-3470.4,-48.95,High
Tech,Growing,13,131491,240.62,294,70742.28,33797.77,36944.51,45.0,Low
Tech,Early,2,91395,112.2,174,19522.8,11420.31,8102.49,41.5,Low
Agriculture,Idea,18,19307,5.58,2012,11226.96,12712.02,-1485.06,-13.23,High
Retail,Early,5,93085,113.43,2340,265426.2,236811.2,28615.0,10.78,Medium
Services,Early,5,176868,174.48,823,143597.04,79128.04,64469.0,44.9,Low
Agriculture,Early,9,156107,6.94,3513,24380.22,21390.75,2989.47,12.26,Low
Services,Growing,4,137874,127.33,926,117907.58,56093.56,61814.02,45.0,Low
Services,Early,12,24862,32.89,535,17596.15,11811.4,5784.75,32.88,Low
Tech,Idea,19,125471,365.8,90,32922.0,16807.81,16114.19,45.0,High
Manufacturing,Early,1,89955,171.11,1484,253927.24,195521.01,58406.23,23.0,Low
Agriculture,Early,10,93840,18.11,2402,43500.22,31655.59,11844.63,27.23,Low
Retail,Early,1,143410,97.22,4530,440406.6,388309.36,52097.24,11.83,Medium
Services,Idea,1,45530,174.77,103,18001.31,9802.08,8199.23,45.0,High
Agriculture,Growing,11,121699,37.75,5553,209625.75,146837.82,62787.93,29.95,Low
Retail,Early,16,67252,17.38,3181,55285.78,49092.39,6193.39,11.2,Medium
Services,Early,15,141833,105.57,911,96174.27,55461.23,40713.04,42.33,Low
Agriculture,Early,19,76983,6.96,2420,16843.2,17841.88,-998.68,-5.93,High
Tech,Early,13,64369,87.71,44,3859.24,7924.71,-4065.47,-80.0,High
Tech,Idea,13,92336,59.02,219,12925.38,11043.95,1881.43,14.56,High
Agriculture,Early,8,47832,5.51,3568,19659.68,13379.57,6280.11,31.94,Low
Services,Growing,10,142524,200.12,240,48028.8,24473.7,23555.1,45.0,Low
Tech,Early,15,167678,135.41,285,38591.85,26119.29,12472.56,32.32,Low
Manufacturing,Idea,8,160935,177.15,1434,254033.1,204743.96,49289.14,19.4,High
Retail,Early,9,111751,50.53,4082,206263.46,155311.03,50952.43,24.7,Low
Agriculture,Early,14,118380,14.4,2394,34473.6,22562.49,11911.11,34.55,Low
Tech,Early,4,102043,279.36,37,10336.32,7528.62,2807.7,27.16,Low
Manufacturing,Idea,3,21103,104.93,523,54878.39,47387.96,7490.43,13.65,High
Agriculture,Early,11,50660,10.34,1942,20080.28,17998.86,2081.42,10.37,Medium
Retail,Idea,19,22474,13.34,2552,34043.68,38388.15,-4344.47,-12.76,High
Tech,Idea,1,106206,65.54,225,14746.5,9875.41,4871.09,33.03,High
Tech,Early,13,96682,135.86,249,33829.14,16282.66,17546.48,45.0,Low
Agriculture,Early,18,116833,39.17,3921,153585.57,126676.6,26908.97,17.52,Low
Services,Idea,3,111304,237.77,653,155263.81,79721.99,75541.82,45.0,High
Tech,Idea,11,27740,325.65,213,69363.45,44016.04,25347.41,36.54,High
Services,Early,17,139747,117.57,207,24336.99,21705.32,2631.67,10.81,Medium
Agriculture,Growing,10,124790,25.95,1412,36641.4,25785.5,10855.9,29.63,Low
Agriculture,Idea,17,86639,25.46,1691,43052.86,34335.01,8717.85,20.25,High
Retail,Early,7,91016,21.16,5411,114496.76,93243.85,21252.91,18.56,Low
Tech,Idea,3,160692,274.66,18,4943.88,5553.0,-609.12,-12.32,High
Agriculture,Early,5,46318,36.16,6327,228784.32,167902.87,60881.45,26.61,Low
Agriculture,Early,18,153780,18.3,2867,52466.1,33868.34,18597.76,35.45,Low
Retail,Early,5,28872,16.39,4405,72197.95,63133.27,9064.68,12.56,Low
Agriculture,Early,19,42901,22.52,5754,129580.08,110385.67,19194.41,14.81,Low
Agriculture,Early,7,77572,4.1,5925,24292.5,14933.18,9359.32,38.53,Low
Agriculture,Idea,10,148006,16.85,2052,34576.2,32065.61,2510.59,7.26,High
Services,Early,6,11306,141.05,741,104518.05,52160.18,52357.87,45.0,Low
Services,Growing,5,60125,135.87,1114,151359.18,86603.89,64755.29,42.78,Low
Retail,Growing,17,117533,69.69,6578,458420.82,317996.95,140423.87,30.63,Low
Agriculture,Early,16,88086,33.05,2979,98455.95,74088.98,24366.97,24.75,Low
Retail,Early,12,83755,92.99,155,14413.45,13039.38,1374.07,9.53,Medium
Services,Idea,6,65008,243.45,415,101031.75,56372.91,44658.84,44.2,High
Manufacturing,Early,12,165747,13.68,1449,19822.32,18300.14,1522.18,7.68,Medium
Manufacturing,Growing,10,105677,85.6,1608,137644.8,118841.17,18803.63,13.66,Low
Retail,Idea,4,162967,26.16,3985,104247.6,88642.58,15605.02,14.97,High
Agriculture,Growing,15,70528,29.2,3417,99776.4,66265.45,33510.95,33.59,Low
Tech,Growing,8,136643,103.84,138,14329.92,9853.47,4476.45,31.24,Low
Manufacturing,Early,11,146251,51.42,237,12186.54,12363.55,-177.01,-1.45,High
Retail,Early,15,74822,54.41,5204,283149.64,221158.39,61991.25,21.89,Low
Tech,Idea,8,154555,66.6,149,9923.4,11194.67,-1271.27,-12.81,High
Tech,Early,6,45166,73.81,125,9226.25,8062.1,1164.15,12.62,Low
Services,Early,6,168408,169.98,40,6799.2,7801.27,-1002.07,-14.74,High
Tech,Early,1,74788,377.93,104,39304.72,15127.33,24177.39,45.0,Low
Agriculture,Growing,1,79646,20.81,1945,40475.45,29787.67,10687.78,26.41,Low
Retail,Idea,11,115659,101.06,1606,162302.36,122406.1,39896.26,24.58,High
Retail,Growing,14,56170,32.24,167,5384.08,8790.05,-3405.97,-63.26,High
Agriculture,Growing,12,37492,14.08,1283,18064.64,16210.34,1854.3,10.26,Medium
Manufacturing,Early,11,155412,61.41,540,33161.4,29042.15,4119.25,12.42,Low
Agriculture,Idea,16,81525,39.27,231,9071.37,12242.83,-3171.46,-34.96,High
Services,Idea,17,119585,146.0,723,105558.0,55240.82,50317.18,45.0,High
Agriculture,Idea,11,93403,39.53,744,29410.32,24269.11,5141.21,17.48,High
Retail,Idea,3,13770,34.16,1351,46150.16,38334.38,7815.78,16.94,High
Retail,Early,1,18137,89.05,2781,247648.05,196290.32,51357.73,20.74,Low
Agriculture,Early,13,15193,9.73,4956,48221.88,33844.66,14377.22,29.81,Low
Services,Early,7,139066,154.89,455,70474.95,27475.46,42999.49,45.0,Low
Services,Early,2,8377,179.56,446,80083.76,42996.27,37087.49,45.0,Low
Retail,Early,7,81590,26.95,3969,106964.55,97887.49,9077.06,8.49,Medium
Tech,Growing,16,59161,85.89,235,20184.15,17312.85,2871.3,14.23,Low
Agriculture,Growing,16,48041,22.52,7871,177254.92,139493.24,37761.68,21.3,Low
Agriculture,Idea,8,86848,20.09,1108,22259.72,20243.86,2015.86,9.06,High
Retail,Early,15,137516,52.31,4136,216354.16,193642.96,22711.2,10.5,Medium
Retail,Early,16,177536,11.87,4176,49569.12,44279.55,5289.57,10.67,Medium
Agriculture,Idea,5,51434,6.39,3574,22837.86,16543.81,6294.05,27.56,High
Manufacturing,Early,14,26463,67.75,1408,95392.0,78723.92,16668.08,17.47,Low
Tech,Idea,7,87853,63.18,57,3601.26,6341.98,-2740.72,-76.1,High
Agriculture,Early,9,96857,7.85,4975,39053.75,25043.78,14009.97,35.87,Low
Retail,Growing,18,4291,5.15,4836,24905.4,24734.98,170.42,0.68,Medium
Retail,Early,14,125142,24.95,3597,89745.15,69312.94,20432.21,22.77,Low
Retail,Idea,3,136007,76.24,576,43914.24,39640.72,4273.52,9.73,High
Retail,Early,11,70408,106.27,988,104994.76,85944.67,19050.09,18.14,Low
Services,Idea,9,28898,188.66,492,92820.72,45239.44,47581.28,45.0,High
Manufacturing,Growing,19,77563,59.93,1133,67900.69,48768.46,19132.23,28.18,Low
Retail,Early,18,58110,108.6,1732,188095.2,170148.91,17946.29,9.54,Medium
Services,Early,16,147028,125.65,695,87326.75,56393.57,30933.18,35.42,Low
Services,Idea,17,22843,154.09,525,80897.25,42306.56,38590.69,45.0,High
Tech,Idea,1,43376,391.72,75,29379.0,16346.72,13032.28,44.36,High
Agriculture,Early,5,108095,37.68,5976,225175.68,154843.91,70331.77,31.23,Low
Tech,Early,15,81479,297.08,81,24063.48,14903.0,9160.48,38.07,Low
Manufacturing,Growing,11,78093,24.64,636,15671.04,16962.93,-1291.89,-8.24,High
Services,Early,6,35731,88.61,296,26228.56,16405.76,9822.8,37.45,Low
Retail,Early,16,115760,97.38,4292,417954.96,375367.51,42587.45,10.19,Medium
Services,Idea,1,84379,82.14,478,39262.92,19116.26,20146.66,45.0,High
Tech,Early,9,148669,42.92,277,11888.84,11407.22,481.62,4.05,Medium
Services,Growing,10,152872,234.9,608,142819.2,79764.71,63054.49,44.15,Low
Agriculture,Idea,4,121894,6.9,956,6596.4,7157.93,-561.53,-8.51,High
Manufacturing,Growing,16,172370,142.88,128,18288.64,18712.16,-423.52,-2.32,High
Manufacturing,Idea,7,153895,140.69,209,29404.21,26284.71,3119.5,10.61,High
Retail,Growing,5,104813,93.98,852,80070.96,63643.5,16427.46,20.52,Low
Services,Early,8,23589,132.49,393,52068.57,36797.79,15270.78,29.33,Low
Agriculture,Idea,5,96126,20.16,4071,82071.36,63135.25,18936.11,23.07,High
Manufacturing,Growing,10,126625,129.99,1381,179516.19,128445.42,51070.77,28.45,Low
Tech,Growing,4,75284,282.91,46,13013.86,8968.17,4045.69,31.09,Low
Services,Idea,15,79230,145.3,65,9444.5,10133.96,-689.46,-7.3,High
Tech,Idea,19,150976,25.1,69,1731.9,7467.94,-5736.04,-80.0,High
Agriculture,Idea,3,21983,36.48,4293,156608.64,97758.13,58850.51,37.58,High
Retail,Early,7,131735,96.76,5902,571077.52,520071.63,51005.89,8.93,Medium
Retail,Growing,2,34846,40.23,5166,207828.18,177584.31,30243.87,14.55,Low
Services,Growing,15,130661,10.36,260,2693.6,9114.72,-6421.12,-80.0,High
Agriculture,Early,4,65142,28.32,3372,95495.04,70981.55,24513.49,25.67,Low
Manufacturing,Idea,12,6133,175.9,1271,223568.9,154211.15,69357.75,31.02,High
Services,Early,19,54702,90.68,944,85601.92,50622.75,34979.17,40.86,Low
Retail,Early,10,57085,99.06,5548,549584.88,480128.92,69455.96,12.64,Low
Agriculture,Idea,15,171626,17.29,4558,78807.82,69502.2,9305.62,11.81,High
Services,Early,2,148114,89.48,726,64962.48,27813.31,37149.17,45.0,Low
Tech,Growing,8,151952,15.73,126,1981.98,6761.08,-4779.1,-80.0,High
Services,Idea,1,142485,187.86,541,101632.26,42908.78,58723.48,45.0,High
Retail,Early,8,42020,101.41,1247,126458.27,117806.91,8651.36,6.84,Medium
Tech,Growing,3,62558,159.49,247,39394.03,16283.71,23110.32,45.0,Low
Agriculture,Idea,15,122585,31.78,3136,99662.08,85552.51,14109.57,14.16,High
Tech,Idea,11,36944,303.62,144,43721.28,26139.66,17581.62,40.21,High
Services,Idea,9,175778,204.38,236,48233.68,38928.07,9305.61,19.29,High
Retail,Early,10,121282,118.17,2576,304405.92,219148.1,85257.82,28.01,Low
Services,Idea,1,113704,143.84,99,14240.16,10086.86,4153.3,29.17,High
Services,Idea,19,151389,226.33,735,166352.55,81334.82,85017.73,45.0,High
Retail,Early,16,131209,54.64,5683,310519.12,250086.76,60432.36,19.46,Low
Tech,Early,11,57756,245.02,85,20826.7,11324.03,9502.67,45.0,Low
Retail,Early,11,119318,70.32,3034,213350.88,166432.94,46917.94,21.99,Low
Manufacturing,Early,5,153358,125.86,484,60916.24,38459.84,22456.4,36.86,Low
Tech,Growing,7,38136,257.19,292,75099.48,28626.45,46473.03,45.0,Low
Agriculture,Idea,7,162994,27.86,402,11199.72,10502.25,697.47,6.23,High
Services,Early,9,16605,170.76,535,91356.6,34874.85,56481.75,45.0,Low
Retail,Early,8,77710,117.04,1670,195456.8,172298.31,23158.49,11.85,Medium
Tech,Early,15,60194,399.81,116,46377.96,31849.04,14528.92,31.33,Low
Services,Idea,1,33298,199.11,263,52365.93,34443.01,17922.92,34.23,High
Retail,Idea,5,150123,53.92,293,15798.56,17171.92,-1373.36,-8.69,High
Manufacturing,Growing,5,16979,106.76,1263,134837.88,88178.65,46659.23,34.6,Low
Agriculture,Early,13,65865,32.72,1938,63411.36,49342.92,14068.44,22.19,Low
Services,Early,13,10072,76.04,57,4334.28,8336.15,-4001.87,-80.0,High
Retail,Growing,17,160426,21.22,1713,36349.86,36386.71,-36.85,-0.1,High
Agriculture,Early,4,46598,34.77,1484,51598.68,30102.1,21496.58,41.66,Low
Tech,Early,10,112129,237.75,238,56584.5,22838.0,33746.5,45.0,Low
Services,Early,6,172394,13.49,1007,13584.43,7517.16,6067.27,44.66,Low
Manufacturing,Idea,14,93213,120.05,354,42497.7,41854.14,643.56,1.51,High
Services,Idea,2,155642,238.11,486,115721.46,60587.39,55134.07,45.0,High
Retail,Early,13,91617,66.4,2808,186451.2,168434.85,18016.35,9.66,Medium
Manufacturing,Early,6,52592,144.41,1420,205062.2,146227.56,58834.64,28.69,Low
Agriculture,Idea,6,42333,13.7,2571,35222.7,27187.3,8035.4,22.81,High
Agriculture,Early,16,156414,35.89,4151,148979.39,114009.55,34969.84,23.47,Low
Tech,Early,1,78868,348.71,267,93105.57,45430.29,47675.28,45.0,Low
Retail,Early,11,116251,113.36,343,38882.48,32573.62,6308.86,16.23,Low
Retail,Early,5,82989,119.33,1266,151071.78,112687.58,38384.2,25.41,Low
Tech,Idea,2,80908,240.37,86,20671.82,11392.15,9279.67,44.89,High
Retail,Growing,15,83673,15.7,6219,97638.3,90194.92,7443.38,7.62,Medium
Manufacturing,Idea,8,119318,129.54,406,52593.24,39709.26,12883.98,24.5,High
Services,Early,18,51605,45.94,395,18146.3,14337.96,3808.34,20.99,Low
Retail,Idea,1,8212,103.57,1246,129048.22,103255.74,25792.48,19.99,High
Agriculture,Growing,18,119042,11.0,1752,19272.0,20263.63,-991.63,-5.15,High
Retail,Early,1,120578,94.31,2587,243979.97,182662.84,61317.13,25.13,Low
Manufacturing,Early,3,6145,141.21,1941,274088.61,224209.18,49879.43,18.2,Low
Retail,Early,12,54023,36.07,5001,180386.07,145888.83,34497.24,19.12,Low
Agriculture,Early,3,130954,8.14,1792,14586.88,12119.17,2467.71,16.92,Low
Retail,Early,16,40318,95.01,1980,188119.8,147779.69,40340.11,21.44,Low
Manufacturing,Early,18,143547,26.79,1669,44712.51,41068.18,3644.33,8.15,Medium
Agriculture,Early,18,37186,19.7,4881,96155.7,75002.82,21152.88,22.0,Low
Tech,Idea,17,81256,160.41,207,33204.87,22915.81,10289.06,30.99,High
Agriculture,Early,16,149777,6.14,3284,20163.76,21734.07,-1570.31,-7.79,High
Manufacturing,Early,6,108005,21.92,862,18895.04,17706.54,1188.5,6.29,Medium
Services,Early,11,56853,128.99,46,5933.54,6852.86,-919.32,-15.49,High
Agriculture,Growing,17,42800,9.57,6305,60338.85,36983.65,23355.2,38.71,Low
Manufacturing,Early,11,126877,118.27,1455,172082.85,135185.87,36896.98,21.44,Low
Retail,Early,7,120866,106.69,1474,157261.06,122758.61,34502.45,21.94,Low
Tech,Growing,2,97514,81.9,34,2784.6,3481.83,-697.23,-25.04,High
Services,Early,15,25856,58.2,258,15015.6,16995.79,-1980.19,-13.19,High
Agriculture,Early,18,79922,4.06,6324,25675.44,24422.38,1253.06,4.88,Medium
Agriculture,Early,14,134433,36.83,4378,161241.74,99259.0,61982.74,38.44,Low
Agriculture,Growing,6,19567,36.46,1275,46486.5,29749.22,16737.28,36.0,Low
Agriculture,Idea,7,127085,3.01,4209,12669.09,13031.28,-362.19,-2.86,High
Agriculture,Growing,16,23024,39.83,3524,140360.92,115345.48,25015.44,17.82,Low
Agriculture,Early,4,53528,8.8,1034,9099.2,7543.67,1555.53,17.1,Low
Manufacturing,Early,13,54399,59.11,1495,88369.45,76605.69,11763.76,13.31,Low
Agriculture,Early,16,113594,27.26,2096,57136.96,42135.83,15001.13,26.25,Low
Services,Growing,13,106440,174.53,86,15009.58,16441.37,-1431.79,-9.54,High
Agriculture,Growing,5,170287,12.11,4882,59121.02,39613.58,19507.44,33.0,Low
Agriculture,Early,12,62926,12.29,5836,71724.44,54411.03,17313.41,24.14,Low
Tech,Early,17,58953,54.88,201,11030.88,11487.68,-456.8,-4.14,High
Manufacturing,Growing,12,136817,85.97,1638,140818.86,123595.94,17222.92,12.23,Low
Services,Idea,18,127594,197.2,306,60343.2,48673.31,11669.89,19.34,High
Agriculture,Idea,8,127864,10.45,2324,24285.8,20498.96,3786.84,15.59,High
Manufacturing,Early,18,79245,98.61,1119,110344.59,96819.3,13525.29,12.26,Low
Agriculture,Early,12,146464,18.84,3627,68332.68,59623.47,8709.21,12.75,Low
Retail,Idea,17,103611,45.03,1444,65023.32,58537.82,6485.5,9.97,High
Services,Idea,18,133894,144.53,328,47405.84,39679.79,7726.05,16.3,High
Manufacturing,Idea,19,95081,27.0,208,5616.0,14568.08,-8952.08,-80.0,High
Tech,Idea,10,143374,283.38,81,22953.78,15540.2,7413.58,32.3,High
Services,Idea,11,11634,190.99,501,95685.99,49533.72,46152.27,45.0,High
Retail,Idea,11,54979,22.27,112,2494.24,6990.15,-4495.91,-80.0,High
Tech,Idea,13,27660,324.34,217,70381.78,32419.29,37962.49,45.0,High
Tech,Early,5,77209,314.88,50,15744.0,7915.25,7828.75,45.0,Low
Tech,Idea,18,146514,147.07,56,8235.92,10173.91,-1937.99,-23.53,High
Tech,Early,18,78168,16.13,280,4516.4,11478.31,-6961.91,-80.0,High
Agriculture,Early,2,179683,21.14,1236,26129.04,14420.53,11708.51,44.81,Low
Retail,Idea,8,140088,109.61,3442,377277.62,339021.86,38255.76,10.14,High
Services,Early,3,143770,187.71,539,101175.69,53483.49,47692.2,45.0,Low
Services,Growing,1,58020,20.35,320,6512.0,4489.53,2022.47,31.06,Low
Tech,Early,11,37222,206.69,37,7647.53,7854.99,-207.46,-2.71,High
Retail,Idea,19,139843,106.96,4022,430193.12,357733.39,72459.73,16.84,High
Services,Early,18,145841,31.24,309,9653.16,10750.81,-1097.65,-11.37,High
Retail,Early,9,115797,89.06,581,51743.86,39173.48,12570.38,24.29,Low
Tech,Growing,1,131780,307.54,256,78730.24,32426.18,46304.06,45.0,Low
Agriculture,Early,1,36909,6.8,6545,44506.0,33602.46,10903.54,24.5,Low
Services,Early,19,8693,186.23,938,174683.74,87611.13,87072.61,45.0,Low
Agriculture,Early,12,98375,34.97,2467,86270.99,66708.15,19562.84,22.68,Low
Agriculture,Idea,1,83572,28.97,1375,39833.75,33714.68,6119.07,15.36,High
Manufacturing,Idea,11,134147,107.23,1201,128783.23,91704.47,37078.76,28.79,High
Retail,Growing,16,116892,9.39,1831,17193.09,17225.52,-32.43,-0.19,High
Manufacturing,Early,1,87197,156.36,744,116331.84,82441.13,33890.71,29.13,Low
Services,Early,7,47818,68.72,929,63840.88,30346.47,33494.41,45.0,Low
Agriculture,Idea,17,117602,17.05,372,6342.6,10981.44,-4638.84,-73.14,High
Tech,Early,11,91413,85.85,55,4721.75,8308.9,-3587.15,-75.97,High
Agriculture,Early,5,42324,9.03,4563,41203.89,27964.39,13239.5,32.13,Low
Tech,Idea,15,173177,314.65,16,5034.4,9933.65,-4899.25,-80.0,High
Agriculture,Idea,4,110045,9.72,2979,28955.88,24206.61,4749.27,16.4,High
Services,Early,19,131608,217.48,520,113089.6,75994.95,37094.65,32.8,Low
Agriculture,Early,6,76319,10.75,1398,15028.5,14969.58,58.92,0.39,Medium
Retail,Early,9,7309,53.34,2322,123855.48,90723.34,33132.14,26.75,Low
Manufacturing,Early,4,45787,35.69,1787,63778.03,42260.04,21517.99,33.74,Low
Services,Early,8,97363,147.44,516,76079.04,45292.0,30787.04,40.47,Low
Services,Growing,1,172620,167.69,900,150921.0,90988.3,59932.7,39.71,Low
Tech,Growing,16,54523,285.75,248,70866.0,23987.02,46878.98,45.0,Low
Agriculture,Idea,16,86646,17.28,5015,86659.2,68634.48,18024.72,20.8,High
Tech,Idea,11,102732,307.44,213,65484.72,39978.34,25506.38,38.95,High
Manufacturing,Early,7,50096,110.16,549,60477.84,49525.16,10952.68,18.11,Low
Agriculture,Idea,15,5951,16.72,4133,69103.76,51917.5,17186.26,24.87,High
Services,Early,12,24772,205.17,152,31185.84,26434.07,4751.77,15.24,Low
Retail,Early,12,126658,67.29,1635,110019.15,82173.62,27845.53,25.31,Low
Tech,Early,9,69760,112.48,254,28569.92,11769.51,16800.41,45.0,Low
Agriculture,Growing,4,5183,33.66,7401,249117.66,180644.79,68472.87,27.49,Low
Services,Early,7,128092,89.67,1018,91284.06,57243.39,34040.67,37.29,Low
Tech,Idea,10,128654,208.45,72,15008.4,10366.34,4642.06,30.93,High
Tech,Early,14,132070,93.59,149,13944.91,12064.46,1880.45,13.48,Low
Agriculture,Early,14,150081,9.56,2040,19502.4,16903.57,2598.83,13.33,Low
Tech,Early,15,163101,380.11,98,37250.78,16614.99,20635.79,45.0,Low
Retail,Growing,9,42148,61.76,6651,410765.76,308849.48,101916.28,24.81,Low
Tech,Growing,8,173489,169.72,236,40053.92,15073.31,24980.61,45.0,Low
Services,Early,17,68421,237.17,75,17787.75,16829.76,957.99,5.39,Medium
Agriculture,Early,9,4124,17.56,866,15206.96,14916.32,290.64,1.91,Medium
Tech,Idea,15,70094,236.79,220,52093.8,34552.1,17541.7,33.67,High
Tech,Early,8,106903,45.02,39,1755.78,5767.32,-4011.54,-80.0,High
Services,Idea,13,30581,71.76,355,25474.8,21911.57,3563.23,13.99,High
Manufacturing,Idea,17,54062,146.12,395,57717.4,57172.77,544.63,0.94,High
Retail,Growing,14,139662,108.58,2350,255163.0,190228.93,64934.07,25.45,Low
Retail,Idea,10,106275,14.45,2668,38552.6,40246.8,-1694.2,-4.39,High
Agriculture,Idea,11,176926,3.48,1065,3706.2,6562.03,-2855.83,-77.06,High
Services,Early,16,125971,240.05,552,132507.6,73794.25,58713.35,44.31,Low
Retail,Early,6,10846,83.67,5431,454411.77,325151.34,129260.43,28.45,Low
Retail,Early,3,154147,118.37,2183,258401.71,218264.22,40137.49,15.53,Low
Services,Growing,14,170158,168.22,1063,178817.86,101731.93,77085.93,43.11,Low
Retail,Idea,6,138367,50.58,3045,154016.1,132771.48,21244.62,13.79,High
Agriculture,Idea,12,173989,14.68,3128,45919.04,41236.52,4682.52,10.2,High
Services,Early,15,154945,166.49,141,23475.09,15829.26,7645.83,32.57,Low
Retail,Idea,12,114443,24.3,1793,43569.9,42402.06,1167.84,2.68,High
Retail,Early,19,101554,34.09,3672,125178.48,103771.48,21407.0,17.1,Low
Manufacturing,Growing,12,29731,40.6,2493,101215.8,81042.69,20173.11,19.93,Low
Agriculture,Growing,7,35698,10.62,3058,32475.96,26583.45,5892.51,18.14,Low
Services,Growing,3,103671,34.16,666,22750.56,15709.81,7040.75,30.95,Low
Services,Idea,18,157959,48.95,73,3573.35,7404.57,-3831.22,-80.0,High
Retail,Early,18,130601,62.62,141,8829.42,13044.02,-4214.6,-47.73,High
Services,Growing,11,48092,192.34,1002,192724.68,108544.77,84179.91,43.68,Low
Manufacturing,Growing,15,34596,8.93,2265,20226.45,25009.59,-4783.14,-23.65,High
Retail,Early,9,59133,106.79,1455,155379.45,118862.56,36516.89,23.5,Low
Tech,Early,9,176646,114.41,96,10983.36,7925.38,3057.98,27.84,Low
Tech,Idea,7,43372,96.08,53,5092.24,5832.11,-739.87,-14.53,High
Retail,Idea,14,13672,38.79,2601,100892.79,88397.29,12495.5,12.38,High
Manufacturing,Idea,3,66742,97.67,1388,135565.96,115367.63,20198.33,14.9,High
Services,Growing,8,173542,209.36,213,44593.68,21400.24,23193.44,45.0,Low
Services,Early,19,71468,202.48,729,147607.92,88283.02,59324.9,40.19,Low
Tech,Growing,4,170531,108.42,85,9215.7,9279.05,-63.35,-0.69,High
Retail,Idea,13,120432,74.38,1104,82115.52,77393.45,4722.07,5.75,High
Tech,Growing,2,106542,47.08,180,8474.4,8012.17,462.23,5.45,Medium
Retail,Early,18,172958,28.08,5469,153569.52,132697.95,20871.57,13.59,Low
Manufacturing,Idea,8,69846,119.51,910,108754.1,92953.43,15800.67,14.53,High
Services,Early,7,7089,34.89,319,11129.91,8311.1,2818.81,25.33,Low
Retail,Early,9,11456,64.34,1328,85443.52,65900.07,19543.45,22.87,Low
Retail,Early,6,54718,87.5,4058,355075.0,284188.68,70886.32,19.96,Low
Manufacturing,Early,4,121248,106.62,1543,164514.66,137024.54,27490.12,16.71,Low
Tech,Early,18,121311,98.15,156,15311.4,11806.11,3505.29,22.89,Low
Services,Early,15,93330,189.67,806,152874.02,81236.49,71637.53,45.0,Low
Retail,Early,19,53771,8.32,3243,26981.76,34066.59,-7084.83,-26.26,High
Retail,Growing,13,100535,113.23,5628,637258.44,552548.41,84710.03,13.29,Low
Manufacturing,Early,8,54512,81.88,452,37009.76,36300.28,709.48,1.92,Medium
Agriculture,Idea,5,53330,20.05,4467,89563.35,57761.97,31801.38,35.51,High
Manufacturing,Growing,5,141315,140.32,2178,305616.96,212522.73,93094.23,30.46,Low
Tech,Idea,19,93727,138.29,171,23647.59,20695.73,2951.86,12.48,High
Retail,Early,17,106213,91.03,3500,318605.0,235679.38,82925.62,26.03,Low
Retail,Early,1,40935,34.66,3000,103980.0,90932.93,13047.07,12.55,Low
Services,Growing,1,124089,53.12,245,13014.4,8040.54,4973.86,38.22,Low
Tech,Early,19,174251,94.08,195,18345.6,11118.98,7226.62,39.39,Low
Manufacturing,Idea,19,27142,171.57,837,143604.09,113275.93,30328.16,21.12,High
Manufacturing,Early,7,166196,143.71,1418,203780.78,155353.9,48426.88,23.76,Low
Retail,Early,4,130826,29.93,3478,104096.54,91629.01,12467.53,11.98,Medium
Agriculture,Early,4,39611,21.45,4087,87666.15,59128.35,28537.8,32.55,Low
Services,Idea,8,62064,231.63,530,122763.9,73743.15,49020.75,39.93,High
Services,Growing,9,172366,223.09,1129,251868.61,146924.78,104943.83,41.67,Low
Services,Early,19,122488,219.61,494,108487.34,69126.89,39360.45,36.28,Low
Agriculture,Growing,6,46903,31.23,6116,191002.68,110166.29,80836.39,42.32,Low
Services,Early,14,57884,145.34,641,93162.94,49750.57,43412.37,45.0,Low
Manufacturing,Early,18,159671,8.92,1896,16912.32,17966.49,-1054.17,-6.23,High
Manufacturing,Early,9,147093,139.76,1902,265823.52,226266.78,39556.74,14.88,Low
Manufacturing,Growing,13,13556,116.6,1931,225154.6,190600.05,34554.55,15.35,Low
Manufacturing,Idea,17,20009,118.6,528,62620.8,53276.39,9344.41,14.92,High
Manufacturing,Early,16,61289,62.68,729,45693.72,45635.65,58.07,0.13,Medium
Agriculture,Growing,13,78354,4.63,3734,17288.42,16254.43,1033.99,5.98,Medium
Manufacturing,Early,3,36744,8.21,2103,17265.63,13451.19,3814.44,22.09,Low
Retail,Idea,8,60012,46.12,2651,122264.12,102662.38,19601.74,16.03,High
Retail,Early,10,169912,48.4,656,31750.4,27433.93,4316.47,13.6,Low
Retail,Growing,15,161058,112.8,1216,137164.8,99469.39,37695.41,27.48,Low
Manufacturing,Early,12,67946,173.41,702,121733.82,95664.02,26069.8,21.42,Low
Services,Idea,6,177427,124.36,29,3606.44,5408.58,-1802.14,-49.97,High
Retail,Early,7,134885,54.94,2350,129109.0,104080.89,25028.11,19.39,Low
Retail,Growing,18,51441,89.11,5860,522184.6,363749.05,158435.55,30.34,Low
Manufacturing,Growing,10,4014,71.99,1866,134333.34,116296.33,18037.01,13.43,Low
Tech,Early,14,30754,158.52,280,44385.6,23437.01,20948.59,45.0,Low
Agriculture,Idea,16,62159,19.72,259,5107.48,7329.19,-2221.71,-43.5,High
Retail,Idea,9,24676,91.34,2014,183958.76,142080.1,41878.66,22.77,High
Retail,Idea,16,13197,36.87,3253,119938.11,103037.41,16900.7,14.09,High
Agriculture,Idea,6,26095,35.27,1195,42147.65,30690.42,11457.23,27.18,High
Services,Idea,5,134618,90.61,248,22471.28,16322.25,6149.03,27.36,High
Retail,Early,15,103126,29.53,5463,161322.39,138606.56,22715.83,14.08,Low
Services,Early,6,80703,233.41,937,218705.17,100226.45,118478.72,45.0,Low
Manufacturing,Early,11,117156,118.06,1190,140491.4,97913.26,42578.14,30.31,Low
Tech,Growing,14,32475,105.84,146,15452.64,13870.35,1582.29,10.24,Medium
Agriculture,Idea,2,179410,38.42,4564,175348.88,121982.22,53366.66,30.43,High
Agriculture,Idea,12,149186,23.21,801,18591.21,18521.02,70.19,0.38,High
Retail,Early,2,50488,28.07,1280,35929.6,28954.75,6974.85,19.41,Low
Services,Early,8,74359,43.27,922,39894.94,19118.83,20776.11,45.0,Low
Retail,Idea,5,5893,32.58,633,20623.14,19444.29,1178.85,5.72,High
Retail,Growing,5,63853,21.14,3807,80479.98,75679.55,4800.43,5.96,Medium
Retail,Early,18,157891,36.83,4115,151555.45,141834.8,9720.65,6.41,Medium
Agriculture,Early,2,113470,13.89,5249,72908.61,38762.46,34146.15,45.0,Low
Tech,Early,7,86375,170.66,81,13823.46,10529.33,3294.13,23.83,Low
Services,Early,19,46277,169.64,968,164211.52,88244.1,75967.42,45.0,Low
Retail,Idea,1,105301,23.53,1484,34918.52,31495.54,3422.98,9.8,High
Tech,Early,16,124395,120.15,189,22708.35,13686.27,9022.08,39.73,Low
Services,Early,2,111934,202.87,868,176091.16,60671.93,115419.23,45.0,Low
Services,Early,3,141700,222.17,507,112640.19,50719.15,61921.04,45.0,Low
Retail,Early,16,63147,117.32,508,59598.56,57708.92,1889.64,3.17,Medium
Services,Idea,6,34071,204.31,298,60884.38,43899.15,16985.23,27.9,High
Manufacturing,Early,8,127996,151.25,1352,204490.0,161307.05,43182.95,21.12,Low
Tech,Growing,18,48517,43.91,343,15061.13,13785.66,1275.47,8.47,Medium
Tech,Growing,1,176330,75.46,346,26109.16,10017.12,16092.04,45.0,Low
Agriculture,Growing,6,11497,12.24,6697,81971.28,58500.57,23470.71,28.63,Low
Services,Idea,11,159053,150.72,694,104599.68,42902.93,61696.75,45.0,High
Retail,Idea,17,73383,111.47,4403,490802.41,425050.48,65751.93,13.4,High
Agriculture,Idea,4,55069,32.92,3480,114561.6,74886.41,39675.19,34.63,High
Retail,Growing,6,43291,32.61,5668,184833.48,153062.51,31770.97,17.19,Low
Agriculture,Idea,1,138467,14.4,2075,29880.0,23457.76,6422.24,21.49,High
Retail,Idea,3,41568,69.27,3446,238704.42,228530.0,10174.42,4.26,High
Tech,Idea,18,102096,254.78,143,36433.54,22605.31,13828.23,37.95,High
Services,Early,5,13242,129.24,426,55056.24,28967.38,26088.86,45.0,Low
Services,Early,2,59907,199.63,653,130358.39,78494.17,51864.22,39.79,Low
Agriculture,Growing,11,31372,5.66,4514,25549.24,21295.45,4253.79,16.65,Low
Agriculture,Idea,18,80889,29.36,1249,36670.64,28605.15,8065.49,21.99,High
Agriculture,Idea,11,118642,11.87,2369,28120.03,21809.78,6310.25,22.44,High
Agriculture,Growing,8,140415,3.58,1560,5584.8,7549.81,-1965.01,-35.18,High
Agriculture,Idea,13,58777,10.43,3515,36661.45,26882.06,9779.39,26.67,High
Manufacturing,Early,11,174810,24.61,1518,37357.98,38829.31,-1471.33,-3.94,High
Manufacturing,Early,5,115286,107.72,215,23159.8,19766.76,3393.04,14.65,Low
Agriculture,Idea,18,10858,12.15,4111,49948.65,34999.79,14948.86,29.93,High
Retail,Idea,4,37332,51.71,4187,216509.77,191271.83,25237.94,11.66,High
Manufacturing,Early,15,72740,178.95,906,162128.7,111592.16,50536.54,31.17,Low
Services,Idea,9,161535,117.08,679,79497.32,57540.64,21956.68,27.62,High
Retail,Growing,6,77130,94.95,2097,199110.15,158242.46,40867.69,20.53,Low
Services,Idea,19,145413,210.62,203,42755.86,31705.24,11050.62,25.85,High
Retail,Idea,8,20931,66.95,906,60656.7,59621.28,1035.42,1.71,High
Services,Early,17,108244,228.06,938,213920.28,96584.5,117335.78,45.0,Low
Tech,Idea,10,7668,337.5,56,18900.0,10541.14,8358.86,44.23,High
Services,Growing,12,139084,179.65,159,28564.35,17862.56,10701.79,37.47,Low
Tech,Early,2,95427,231.76,206,47742.56,28649.98,19092.58,39.99,Low
Agriculture,Idea,4,95936,8.46,3541,29956.86,21189.15,8767.71,29.27,High
Services,Idea,8,139118,111.31,278,30944.18,19027.77,11916.41,38.51,High
Manufacturing,Early,6,111613,66.11,1241,82042.51,57460.44,24582.07,29.96,Low
Agriculture,Growing,3,172048,9.28,4094,37992.32,24009.59,13982.73,36.8,Low
Services,Idea,19,120769,28.31,413,11692.03,11031.93,660.1,5.65,High
Services,Early,13,158810,195.98,603,118175.94,71886.77,46289.17,39.17,Low
Retail,Early,3,73059,84.73,4491,380522.43,354928.4,25594.03,6.73,Medium
Manufacturing,Early,9,168074,176.97,168,29730.96,24763.44,4967.52,16.71,Low
Services,Early,2,43641,147.02,591,86888.82,43123.35,43765.47,45.0,Low
Services,Early,15,14081,54.21,874,47379.54,30825.8,16553.74,34.94,Low
Manufacturing,Early,6,58474,173.78,2087,362678.86,249928.34,112750.52,31.09,Low
Agriculture,Growing,14,130596,26.42,4555,120343.1,72684.83,47658.27,39.6,Low
Tech,Growing,16,95774,240.7,141,33938.7,19991.5,13947.2,41.1,Low
Agriculture,Early,6,105987,28.93,2196,63530.28,35390.55,28139.73,44.29,Low
Retail,Growing,14,147818,14.7,4593,67517.1,56400.77,11116.33,16.46,Low
Services,Idea,5,26639,239.24,419,100241.56,43417.81,56823.75,45.0,High
Services,Growing,4,64423,227.47,402,91442.94,59213.69,32229.25,35.25,Low
Agriculture,Growing,4,20554,8.27,5566,46030.82,29039.92,16990.9,36.91,Low
Retail,Early,11,164769,72.32,4576,330936.32,265807.29,65129.03,19.68,Low
Retail,Early,3,140175,78.38,5708,447393.04,351855.02,95538.02,21.35,Low
Manufacturing,Idea,15,178510,20.5,318,6519.0,9257.08,-2738.08,-42.0,High
Manufacturing,Growing,13,87779,50.99,1330,67816.7,52702.92,15113.78,22.29,Low
Services,Early,11,102801,164.95,776,128001.2,62387.03,65614.17,45.0,Low
Manufacturing,Early,5,101988,56.5,595,33617.5,26101.54,7515.96,22.36,Low
Tech,Early,10,89600,127.08,151,19189.08,11777.88,7411.2,38.62,Low
Retail,Idea,3,116821,109.01,1544,168311.44,133372.15,34939.29,20.76,High
Agriculture,Growing,2,92185,33.0,3944,130152.0,92871.88,37280.12,28.64,Low
Services,Early,10,70903,73.46,341,25049.86,15654.85,9395.01,37.51,Low
Retail,Early,14,51680,66.57,5069,337443.33,285827.46,51615.87,15.3,Low
Agriculture,Idea,7,146932,17.36,2139,37133.04,23779.42,13353.62,35.96,High
Manufacturing,Early,14,69341,116.21,1825,212083.25,170164.45,41918.8,19.77,Low
Manufacturing,Idea,14,172026,168.49,1320,222406.8,143468.87,78937.93,35.49,High
Services,Early,15,98673,197.95,170,33651.5,26187.3,7464.2,22.18,Low
Services,Idea,5,133284,104.94,676,70939.44,45273.78,25665.66,36.18,High
Services,Idea,10,133272,131.3,184,24159.2,17111.49,7047.71,29.17,High
Manufacturing,Idea,10,109821,123.6,1232,152275.2,108387.39,43887.81,28.82,High
Services,Early,10,43206,245.1,386,94608.6,48457.49,46151.11,45.0,Low
Services,Growing,10,166922,237.66,359,85319.94,36864.1,48455.84,45.0,Low
Retail,Idea,6,76756,23.85,902,21512.7,19013.71,2498.99,11.62,High
Retail,Early,3,68835,15.05,1362,20498.1,17712.02,2786.08,13.59,Low
Services,Idea,6,85602,29.95,482,14435.9,9879.07,4556.83,31.57,High
Retail,Early,8,38403,32.35,890,28791.5,29412.62,-621.12,-2.16,High
Agriculture,Early,10,140071,3.68,6713,24703.84,20681.86,4021.98,16.28,Low
Retail,Idea,8,165275,97.5,4517,440407.5,387464.15,52943.35,12.02,High
Tech,Early,7,68781,118.86,39,4635.54,6209.8,-1574.26,-33.96,High
Retail,Early,8,158552,89.12,2766,246505.92,212902.0,33603.92,13.63,Low
Tech,Idea,13,141767,44.64,118,5267.52,9213.24,-3945.72,-74.91,High
Tech,Early,4,98951,151.87,252,38271.24,19402.43,18868.81,45.0,Low
Services,Idea,14,59707,42.32,743,31443.76,24705.29,6738.47,21.43,High
Manufacturing,Growing,4,82450,87.68,266,23322.88,21382.01,1940.87,8.32,Medium
Agriculture,Idea,10,101083,10.12,3125,31625.0,25399.19,6225.81,19.69,High
Agriculture,Growing,4,95159,11.5,627,7210.5,6091.55,1118.95,15.52,Low
Manufacturing,Idea,11,32173,66.79,347,23176.13,23618.23,-442.1,-1.91,High
Manufacturing,Growing,5,116261,159.81,98,15661.38,14939.36,722.02,4.61,Medium
Agriculture,Idea,14,175842,3.42,1834,6272.28,9576.48,-3304.2,-52.68,High
Tech,Idea,4,8635,370.86,164,60821.04,22463.66,38357.38,45.0,High
Agriculture,Idea,5,109051,11.18,866,9681.88,9991.96,-310.08,-3.2,High
Agriculture,Early,13,28915,26.78,6553,175489.34,133826.1,41663.24,23.74,Low
Agriculture,Idea,11,138963,18.39,4528,83269.92,53881.3,29388.62,35.29,High
Retail,Idea,2,67244,88.06,4485,394949.1,345033.85,49915.25,12.64,High
Retail,Early,16,10970,27.74,3752,104080.48,94044.42,10036.06,9.64,Medium
Manufacturing,Idea,5,108409,137.54,902,124061.08,99486.73,24574.35,19.81,High
Retail,Early,4,68479,108.6,293,31819.8,30118.53,1701.27,5.35,Medium
Agriculture,Early,11,14472,5.55,4258,23631.9,20273.96,3357.94,14.21,Low
Retail,Idea,12,61876,35.17,636,22368.12,21650.08,718.04,3.21,High
Agriculture,Growing,2,72436,18.02,4390,79107.8,50572.93,28534.87,36.07,Low
Agriculture,Early,19,173883,6.95,5106,35486.7,27444.34,8042.36,22.66,Low
Retail,Early,12,61838,52.99,576,30522.24,32622.39,-2100.15,-6.88,High
Services,Early,5,9981,186.45,296,55189.2,29795.77,25393.43,45.0,Low
Retail,Growing,14,67568,100.93,6892,695609.56,513302.3,182307.26,26.21,Low
Retail,Idea,15,39508,27.64,3838,106082.32,93334.52,12747.8,12.02,High
Agriculture,Idea,12,15117,14.88,4822,71751.36,51979.98,19771.38,27.56,High
Services,Growing,12,155133,93.08,202,18802.16,11376.71,7425.45,39.49,Low
Retail,Early,4,175629,106.43,2834,301622.62,213048.99,88573.63,29.37,Low
Agriculture,Early,3,53042,8.65,1853,16028.45,14567.97,1460.48,9.11,Medium
Services,Early,1,94248,212.76,76,16169.76,8927.12,7242.64,44.79,Low
Agriculture,Growing,16,108490,15.67,8235,129042.45,78336.39,50706.06,39.29,Low
Retail,Early,11,91729,5.96,4950,29502.0,27635.17,1866.83,6.33,Medium
Agriculture,Early,18,60128,32.27,2105,67928.35,59677.73,8250.62,12.15,Low
Tech,Early,13,76152,316.82,183,57978.06,23707.54,34270.52,45.0,Low
Retail,Idea,1,149096,35.11,2193,76996.23,64489.67,12506.56,16.24,High
Manufacturing,Early,16,91897,145.69,848,123545.12,109794.97,13750.15,11.13,Medium
Retail,Growing,4,98169,116.5,3773,439554.5,374127.12,65427.38,14.88,Low
Agriculture,Early,17,103755,10.43,4485,46778.55,36757.38,10021.17,21.42,Low
Tech,Early,16,59206,129.44,259,33524.96,16418.6,17106.36,45.0,Low
Tech,Idea,11,102908,304.65,47,14318.55,10698.83,3619.72,25.28,High
Manufacturing,Early,4,80828,166.5,416,69264.0,58004.51,11259.49,16.26,Low
Agriculture,Early,13,31730,16.82,4588,77170.16,62065.27,15104.89,19.57,Low
Tech,Early,9,149018,28.37,17,482.29,5385.55,-4903.26,-80.0,High
Tech,Early,13,102734,296.43,213,63139.59,21655.08,41484.51,45.0,Low
Retail,Early,14,129680,13.5,3840,51840.0,48199.77,3640.23,7.02,Medium
Retail,Early,15,153793,108.64,2244,243788.16,202596.01,41192.15,16.9,Low
Services,Early,17,51281,160.12,785,125694.2,55321.78,70372.42,45.0,Low
Retail,Early,14,5353,52.22,2504,130758.88,104948.46,25810.42,19.74,Low
Tech,Idea,1,76584,335.7,40,13428.0,7938.25,5489.75,40.88,High
Services,Idea,13,156008,118.29,410,48498.9,29584.27,18914.63,39.0,High
Tech,Early,11,94060,253.54,154,39045.16,16591.13,22454.03,45.0,Low
Retail,Growing,13,123108,8.48,4976,42196.48,40524.56,1671.92,3.96,Medium
Services,Early,14,128666,242.25,248,60078.0,32895.69,27182.31,45.0,Low
Agriculture,Early,17,140949,15.74,5709,89859.66,60340.18,29519.48,32.85,Low
Retail,Growing,18,134462,89.3,6816,608668.8,527897.5,80771.3,13.27,Low
Tech,Growing,16,63774,84.91,65,5519.15,11278.7,-5759.55,-80.0,High
Manufacturing,Early,8,26629,140.91,1711,241097.01,175829.36,65267.65,27.07,Low
Agriculture,Early,5,160098,35.14,3136,110199.04,66892.51,43306.53,39.3,Low
Agriculture,Early,8,145212,32.16,364,11706.24,10117.44,1588.8,13.57,Low
Agriculture,Idea,6,130758,9.12,4189,38203.68,25932.24,12271.44,32.12,High
Retail,Idea,12,4862,34.53,2324,80247.72,76518.4,3729.32,4.65,High
Tech,Idea,9,131903,268.6,135,36261.0,13799.76,22461.24,45.0,High
Retail,Idea,15,126666,86.73,994,86209.62,82543.32,3666.3,4.25,High
Services,Early,14,44102,200.93,405,81376.65,45512.07,35864.58,44.07,Low
Services,Early,11,152942,39.59,734,29059.06,22044.79,7014.27,24.14,Low
Tech,Idea,6,130158,253.68,47,11922.96,9883.49,2039.47,17.11,High
Agriculture,Growing,16,177258,8.73,4086,35670.78,28759.29,6911.49,19.38,Low
Agriculture,Early,19,9945,8.9,2409,21440.1,19899.66,1540.44,7.18,Medium
Services,Early,18,23592,125.56,728,91407.68,67838.58,23569.1,25.78,Low
Retail,Idea,16,172515,28.52,798,22758.96,25441.87,-2682.91,-11.79,High
Retail,Growing,9,76618,59.34,3444,204366.96,169846.79,34520.17,16.89,Low
Tech,Idea,3,179432,68.55,109,7471.95,5340.98,2130.97,28.52,High
Services,Idea,6,52428,69.66,627,43676.82,24210.21,19466.61,44.57,High
Agriculture,Early,9,171853,11.05,3746,41393.3,31627.62,9765.68,23.59,Low
Services,Early,16,87388,55.37,212,11738.44,9776.81,1961.63,16.71,Low
Tech,Early,14,159678,20.42,153,3124.26,6719.27,-3595.01,-80.0,High
Manufacturing,Growing,7,130617,140.03,1317,184419.51,129156.7,55262.81,29.97,Low
Agriculture,Idea,8,150802,39.89,3485,139016.65,99297.28,39719.37,28.57,High
Tech,Early,15,134095,257.33,113,29078.29,16465.93,12612.36,43.37,Low
Agriculture,Early,17,175605,13.1,5104,66862.4,51755.62,15106.78,22.59,Low
Services,Growing,6,106731,22.96,962,22087.52,17120.44,4967.08,22.49,Low
Services,Early,8,164730,225.64,778,175547.92,106563.86,68984.06,39.3,Low
Manufacturing,Growing,19,68522,78.03,728,56805.84,51110.39,5695.45,10.03,Medium
Services,Growing,13,89522,15.7,746,11712.2,14028.91,-2316.71,-19.78,High
Agriculture,Growing,8,27860,34.68,6842,237280.56,170030.41,67250.15,28.34,Low
Services,Idea,15,4819,30.09,78,2347.02,7372.2,-5025.18,-80.0,High
Retail,Early,19,60657,10.16,3050,30988.0,32504.41,-1516.41,-4.89,High
Tech,Early,2,72163,221.73,37,8204.01,6569.29,1634.72,19.93,Low
Agriculture,Early,8,57737,15.26,342,5218.92,7384.06,-2165.14,-41.49,High
Retail,Growing,3,55317,80.25,4198,336889.5,299170.92,37718.58,11.2,Medium
Services,Early,8,67795,222.04,926,205609.04,89635.63,115973.41,45.0,Low
Agriculture,Idea,19,130749,32.13,1382,44403.66,37447.57,6956.09,15.67,High
Services,Early,2,62847,229.57,407,93434.99,48473.33,44961.66,45.0,Low
Services,Idea,3,19940,149.97,618,92681.46,46920.52,45760.94,45.0,High
Tech,Early,7,66335,375.57,67,25163.19,15667.08,9496.11,37.74,Low
Tech,Idea,11,104246,344.16,79,27188.64,16335.8,10852.84,39.92,High
Retail,Early,17,49393,45.2,446,20159.2,24652.22,-4493.02,-22.29,High
Agriculture,Early,17,51851,24.15,3433,82906.95,46950.05,35956.9,43.37,Low
Retail,Idea,7,75090,112.29,3308,371455.32,325469.01,45986.31,12.38,High
Retail,Early,15,124871,118.58,1076,127592.08,117337.75,10254.33,8.04,Medium
Agriculture,Idea,19,82618,39.26,2293,90023.18,66810.74,23212.44,25.78,High
Tech,Growing,13,9772,108.33,59,6391.47,8566.29,-2174.82,-34.03,High
Agriculture,Early,9,14465,31.5,5018,158067.0,106677.9,51389.1,32.51,Low
Agriculture,Early,12,30109,15.34,6592,101121.28,81535.64,19585.64,19.37,Low
Manufacturing,Early,8,25262,133.52,1028,137258.56,109643.86,27614.7,20.12,Low
Tech,Growing,7,73134,270.8,56,15164.8,10125.18,5039.62,33.23,Low
Retail,Idea,2,139857,107.38,974,104588.12,85812.22,18775.9,17.95,High
Retail,Early,1,5979,56.99,3911,222887.89,175302.62,47585.27,21.35,Low
Tech,Idea,19,18344,178.53,40,7141.2,9617.37,-2476.17,-34.67,High
Services,Early,18,24310,246.96,262,64703.52,49427.09,15276.43,23.61,Low
Retail,Idea,12,4776,24.53,1759,43148.27,39223.98,3924.29,9.09,High
Retail,Idea,11,57984,76.32,767,58537.44,45910.0,12627.44,21.57,High
Tech,Growing,10,80988,39.13,240,9391.2,10089.19,-697.99,-7.43,High
Agriculture,Idea,4,43242,19.63,1172,23006.36,14539.25,8467.11,36.8,High
Manufacturing,Growing,8,49233,117.73,1930,227218.9,135132.32,92086.58,40.53,Low
Services,Early,11,164924,138.68,203,28152.04,22217.54,5934.5,21.08,Low
Agriculture,Early,16,40907,4.1,6121,25096.1,21143.36,3952.74,15.75,Low
Tech,Early,16,119247,188.05,55,10342.75,10197.3,145.45,1.41,Medium
Agriculture,Growing,10,147005,38.9,6643,258412.7,188334.32,70078.38,27.12,Low
Retail,Idea,5,166135,85.59,4163,356311.17,260611.02,95700.15,26.86,High
Services,Growing,18,145070,24.27,996,24172.92,20305.96,3866.96,16.0,Low
Retail,Early,8,22602,16.59,3701,61399.59,49005.05,12394.54,20.19,Low
Manufacturing,Idea,2,98990,37.07,151,5597.57,7188.32,-1590.75,-28.42,High
Services,Growing,9,91906,215.19,588,126531.72,75606.3,50925.42,40.25,Low
Agriculture,Idea,16,165537,35.06,3314,116188.84,73553.42,42635.42,36.69,High
Agriculture,Early,11,51639,12.44,1584,19704.96,15056.92,4648.04,23.59,Low
Agriculture,Growing,5,54674,38.86,8027,311929.22,237725.67,74203.55,23.79,Low
Services,Idea,16,61338,88.22,505,44551.1,35690.65,8860.45,19.89,High
Agriculture,Early,6,18319,7.97,1645,13110.65,9932.82,3177.83,24.24,Low
Services,Early,13,29389,224.13,422,94582.86,58788.05,35794.81,37.84,Low
Tech,Early,3,95952,207.38,135,27996.3,15060.73,12935.57,45.0,Low
Tech,Idea,15,125808,140.78,25,3519.5,9088.69,-5569.19,-80.0,High
Agriculture,Early,7,103151,4.32,6400,27648.0,20286.39,7361.61,26.63,Low
Retail,Growing,7,119596,47.78,3530,168663.4,123938.47,44724.93,26.52,Low
Retail,Idea,6,100396,81.97,1098,90003.06,66872.2,23130.86,25.7,High
Retail,Growing,12,103843,44.85,3368,151054.8,120907.26,30147.54,19.96,Low
Retail,Growing,1,67802,19.08,6917,131976.36,115156.49,16819.87,12.74,Low
Retail,Early,12,108460,11.15,3419,38121.85,37452.95,668.9,1.75,Medium
Tech,Growing,5,16331,343.97,25,8599.25,7999.43,599.82,6.98,Medium
Retail,Growing,12,78302,80.75,5237,422887.75,319148.68,103739.07,24.53,Low
Retail,Idea,15,94328,9.36,699,6542.64,12428.92,-5886.28,-80.0,High
Retail,Early,8,141352,96.76,149,14417.24,16076.23,-1658.99,-11.51,High
Agriculture,Growing,18,177635,17.42,6970,121417.4,77738.31,43679.09,35.97,Low
Services,Growing,17,172456,142.35,420,59787.0,44415.72,15371.28,25.71,Low
Retail,Idea,17,92936,89.6,1984,177766.4,155494.19,22272.21,12.53,High
Manufacturing,Early,7,160515,135.2,418,56513.6,45686.51,10827.09,19.16,Low
Tech,Early,4,128117,382.87,119,45561.53,27140.9,18420.63,40.43,Low
Retail,Early,3,128449,88.21,3522,310675.62,251562.3,59113.32,19.03,Low
Retail,Early,5,145320,55.61,5040,280274.4,234558.49,45715.91,16.31,Low
Tech,Idea,16,90454,28.31,138,3906.78,9054.69,-5147.91,-80.0,High
Services,Idea,13,16445,191.63,646,123792.98,62383.58,61409.4,45.0,High
Agriculture,Early,4,164921,33.32,5778,192522.96,136782.48,55740.48,28.95,Low
Services,Early,11,93971,182.85,882,161273.7,67023.87,94249.83,45.0,Low
Retail,Early,17,73613,89.63,3161,283320.43,196286.36,87034.07,30.72,Low
Tech,Growing,10,87007,65.65,306,20088.9,14464.26,5624.64,28.0,Low
Tech,Idea,3,65100,112.39,202,22702.78,13833.63,8869.15,39.07,High
Manufacturing,Early,4,145428,88.03,383,33715.49,29107.95,4607.54,13.67,Low
Services,Growing,16,28531,139.15,119,16558.85,12517.01,4041.84,24.41,Low
Manufacturing,Growing,1,136397,161.62,1912,309017.44,191795.13,117222.31,37.93,Low
Retail,Idea,10,78510,12.56,335,4207.6,8422.24,-4214.64,-80.0,High
Retail,Early,19,122528,41.16,801,32969.16,33361.98,-392.82,-1.19,High
Agriculture,Idea,7,33056,31.57,3126,98687.82,84373.53,14314.29,14.5,High
Tech,Growing,9,80108,245.72,262,64378.64,19703.52,44675.12,45.0,Low
Agriculture,Idea,19,27293,10.67,2513,26813.71,23148.56,3665.15,13.67,High
Services,Early,4,33309,179.88,772,138867.36,73255.78,65611.58,45.0,Low
Services,Early,2,89795,141.73,997,141304.81,88072.75,53232.06,37.67,Low
Tech,Early,8,23998,275.78,286,78873.08,34469.18,44403.9,45.0,Low
Retail,Idea,12,134362,115.26,1268,146149.68,127387.36,18762.32,12.84,High
Agriculture,Early,13,82712,23.59,5058,119318.22,96208.22,23110.0,19.37,Low
Retail,Early,5,139983,40.93,1443,59061.99,55195.89,3866.1,6.55,Medium
Agriculture,Early,13,103099,23.28,235,5470.8,7110.28,-1639.48,-29.97,High
Retail,Early,3,12059,110.61,2247,248540.67,174953.02,73587.65,29.61,Low
Services,Early,12,136477,99.45,820,81549.0,38991.59,42557.41,45.0,Low
Agriculture,Early,10,14330,8.47,1773,15017.31,12037.48,2979.83,19.84,Low
Manufacturing,Early,4,83743,77.41,219,16952.79,16301.08,651.71,3.84,Medium
Services,Growing,11,91269,113.25,425,48131.25,21911.51,26219.74,45.0,Low
Retail,Early,14,87292,10.36,762,7894.32,11175.76,-3281.44,-41.57,High
Tech,Early,13,103072,152.34,295,44940.3,18584.32,26355.98,45.0,Low
Agriculture,Early,6,149995,17.36,4823,83727.28,59027.28,24700.0,29.5,Low
Retail,Early,18,23973,61.48,4948,304203.04,243870.71,60332.33,19.83,Low
Manufacturing,Early,12,75027,46.95,1649,77420.55,58302.07,19118.48,24.69,Low
Retail,Idea,18,53376,40.75,3128,127466.0,110236.5,17229.5,13.52,High
Tech,Early,7,126279,25.89,119,3080.91,5785.68,-2704.77,-80.0,High
Agriculture,Idea,13,11143,23.58,1830,43151.4,35052.33,8099.07,18.77,High
Services,Early,2,162707,45.55,216,9838.8,5926.61,3912.19,39.76,Low
Services,Growing,8,8973,91.98,1196,110008.08,54919.03,55089.05,45.0,Low
Agriculture,Growing,6,119796,5.7,1003,5717.1,5423.85,293.25,5.13,Medium
Retail,Growing,8,46094,47.58,7044,335153.52,279407.56,55745.96,16.63,Low
Services,Idea,8,107956,120.63,201,24246.63,17490.78,6755.85,27.86,High
Services,Idea,8,101856,49.71,744,36984.24,18666.33,18317.91,45.0,High
Agriculture,Idea,18,17977,3.5,2236,7826.0,11617.31,-3791.31,-48.45,High
Retail,Early,5,87608,6.88,2477,17041.76,16730.23,311.53,1.83,Medium
Manufacturing,Idea,12,89634,79.87,249,19887.63,20919.57,-1031.94,-5.19,High
Retail,Idea,8,150656,24.93,699,17426.07,17495.4,-69.33,-0.4,High
Tech,Growing,6,74556,161.63,67,10829.21,8884.3,1944.91,17.96,Low
Agriculture,Early,13,55791,22.23,2050,45571.5,29937.62,15633.88,34.31,Low
Services,Idea,11,71653,191.23,510,97527.3,66311.12,31216.18,32.01,High
Services,Early,11,11474,181.26,341,61809.66,45045.04,16764.62,27.12,Low
Services,Early,14,98647,59.47,415,24680.05,20056.3,4623.75,18.73,Low
Tech,Early,17,104284,374.18,75,28063.5,18566.74,9496.76,33.84,Low
Tech,Idea,16,120258,293.26,202,59238.52,33024.6,26213.92,44.25,High
Tech,Early,14,18595,161.62,130,21010.6,14695.08,6315.52,30.06,Low
Tech,Idea,6,171009,81.95,186,15242.7,8825.6,6417.1,42.1,High
Manufacturing,Early,1,93699,56.98,1439,81994.22,68267.32,13726.9,16.74,Low
Retail,Growing,4,137909,55.51,4749,263616.99,184365.84,79251.15,30.06,Low
Tech,Idea,7,92217,69.48,101,7017.48,7811.44,-793.96,-11.31,High
Services,Early,2,145375,74.45,586,43627.7,29593.4,14034.3,32.17,Low
Retail,Growing,18,76326,56.17,2774,155815.58,137345.73,18469.85,11.85,Medium
Agriculture,Early,14,73919,35.02,3967,138924.34,95441.72,43482.62,31.3,Low
Tech,Idea,12,7969,347.29,90,31256.1,17791.17,13464.93,43.08,High
Services,Idea,19,55679,97.84,688,67313.92,54169.93,13143.99,19.53,High
Agriculture,Early,6,57259,28.0,348,9744.0,7402.51,2341.49,24.03,Low
Services,Idea,7,163043,112.57,775,87241.75,39113.15,48128.6,45.0,High
Agriculture,Growing,9,41383,18.15,1912,34702.8,25723.66,8979.14,25.87,Low
Retail,Early,12,120183,61.79,2250,139027.5,113947.97,25079.53,18.04,Low
Services,Early,15,127341,184.41,377,69522.57,44168.24,25354.33,36.47,Low
Services,Early,5,126468,221.81,249,55230.69,32489.8,22740.89,41.17,Low
Agriculture,Idea,1,37988,29.52,1281,37815.12,25246.54,12568.58,33.24,High
Agriculture,Early,12,65762,39.89,2666,106346.74,77146.37,29200.37,27.46,Low
Services,Early,10,4564,233.67,182,42527.94,27603.47,14924.47,35.09,Low
Tech,Idea,9,89182,45.63,19,866.97,4632.86,-3765.89,-80.0,High
Tech,Growing,11,38027,188.29,190,35775.1,14821.39,20953.71,45.0,Low
Retail,Early,14,123806,30.29,1363,41285.27,39166.86,2118.41,5.13,Medium
Services,Idea,17,26739,223.69,109,24382.21,21242.94,3139.27,12.88,High
Tech,Early,19,134966,383.74,175,67154.5,43592.29,23562.21,35.09,Low
Tech,Early,14,49712,208.27,202,42070.54,15693.86,26376.68,45.0,Low
Services,Growing,6,165812,186.15,627,116716.05,44289.19,72426.86,45.0,Low
Tech,Early,19,170222,215.75,87,18770.25,13734.0,5036.25,26.83,Low
Retail,Growing,12,11597,9.97,3535,35243.95,31328.7,3915.25,11.11,Medium
Agriculture,Early,10,51762,21.67,3980,86246.6,71085.1,15161.5,17.58,Low
Retail,Growing,11,76233,37.96,3153,119687.88,89683.01,30004.87,25.07,Low
Tech,Early,14,165709,191.66,296,56731.36,27147.82,29583.54,45.0,Low
Manufacturing,Growing,4,111085,167.03,1661,277436.83,163738.3,113698.53,40.98,Low
Services,Early,11,4435,52.08,694,36143.52,21375.01,14768.51,40.86,Low
Services,Growing,8,113900,131.17,618,81063.06,50812.41,30250.65,37.32,Low
Agriculture,Early,1,69789,20.78,3518,73104.04,44021.9,29082.14,39.78,Low
Services,Early,10,89050,93.75,196,18375.0,11474.81,6900.19,37.55,Low
Retail,Idea,17,60484,17.44,931,16236.64,19345.7,-3109.06,-19.15,High
Retail,Early,4,113810,97.55,5598,546084.9,480327.29,65757.61,12.04,Low
Agriculture,Early,12,12503,36.7,1625,59637.5,38489.74,21147.76,35.46,Low
Services,Early,19,140771,104.84,72,7548.48,9576.5,-2028.02,-26.87,High
Services,Idea,14,48325,181.09,386,69900.74,41058.17,28842.57,41.26,High
Services,Idea,1,107152,35.01,213,7457.13,3918.09,3539.04,45.0,High
Tech,Early,16,113345,303.1,186,56376.6,38944.29,17432.31,30.92,Low
Retail,Growing,12,12549,35.38,6804,240725.52,218783.13,21942.39,9.12,Medium
Tech,Idea,3,16701,187.13,21,3929.73,4725.01,-795.28,-20.24,High
Services,Growing,15,150755,151.39,582,88108.98,54088.88,34020.1,38.61,Low
Manufacturing,Growing,18,128954,24.4,2254,54997.6,45424.2,9573.4,17.41,Low
Retail,Idea,12,149492,21.5,660,14190.0,15763.0,-1573.0,-11.09,High
Tech,Early,4,103402,297.27,152,45185.04,23032.29,22152.75,45.0,Low
Agriculture,Early,11,65539,23.53,2122,49930.66,40909.95,9020.71,18.07,Low
Agriculture,Idea,18,37583,26.75,467,12492.25,17061.52,-4569.27,-36.58,High
Manufacturing,Idea,3,65974,92.7,757,70173.9,48296.16,21877.74,31.18,High
Retail,Early,6,166751,117.82,1479,174255.78,151046.7,23209.08,13.32,Low
Agriculture,Idea,15,127472,11.37,1741,19795.17,15252.81,4542.36,22.95,High
Services,Early,12,26709,91.26,218,19894.68,13124.66,6770.02,34.03,Low
Manufacturing,Early,7,126292,77.26,891,68838.66,49463.85,19374.81,28.15,Low
Tech,Early,6,156422,38.36,199,7633.64,8872.24,-1238.6,-16.23,High
Manufacturing,Growing,13,143751,70.28,648,45541.44,36416.37,9125.07,20.04,Low
Manufacturing,Growing,8,121724,103.08,1258,129674.64,95009.47,34665.17,26.73,Low
Retail,Early,8,143971,30.56,4388,134097.28,106961.64,27135.64,20.24,Low
